size, num, time
10000,16,0.0080476
20000,16,0.0143215
30000,16,0.0220611
40000,16,0.0280331
50000,16,0.0329195
